[{"map_name":"new_map","map_id":"g5sJuMrXrZF8","map_description":"\nLast Modified Mon Mar 11 2024 10:28:27 GMT+0100 (heure normale d’Europe centrale)","homepage":"https://escher.github.io","schema":"https://escher.github.io/escher/jsonschema/1-0-0#"},{"reactions":{"0":{"name":"","bigg_id":"reaction_0","reversibility":false,"label_x":12.668709080338488,"label_y":138.0447348349719,"gene_reaction_rule":"","genes":[],"metabolites":[{"bigg_id":"meta_0","coefficient":-1},{"bigg_id":"meta_1","coefficient":1}],"segments":{"0":{"from_node_id":"1","to_node_id":"2","b1":null,"b2":null},"1":{"from_node_id":"3","to_node_id":"2","b1":null,"b2":null},"2":{"from_node_id":"1","to_node_id":"0","b1":{"x":74.06638748321865,"y":177.66054451048186},"b2":{"x":19.820262762985863,"y":177.01212116350393}},"3":{"from_node_id":"3","to_node_id":"4","b1":{"x":198.05752970089554,"y":179.14265501786068},"b2":{"x":252.30365442112733,"y":179.7910783648389}}}},"1":{"name":"","bigg_id":"reaction_1","reversibility":false,"label_x":375.34539794921875,"label_y":143.26158905029297,"gene_reaction_rule":"","genes":[],"metabolites":[{"bigg_id":"meta_1","coefficient":-1},{"bigg_id":"meta_2","coefficient":1}],"segments":{"4":{"from_node_id":"5","to_node_id":"6","b1":null,"b2":null},"5":{"from_node_id":"7","to_node_id":"6","b1":null,"b2":null},"6":{"from_node_id":"5","to_node_id":"4","b1":{"x":424.0413856782717,"y":181.84392094259954},"b2":{"x":369.79526095803885,"y":181.19549759562153}},"7":{"from_node_id":"7","to_node_id":"8","b1":{"x":548.032527895947,"y":183.3260314499786},"b2":{"x":602.2786526161801,"y":183.9744547969567}}}},"2":{"name":"","bigg_id":"reaction_2","reversibility":false,"label_x":725.9121625016928,"label_y":146.11562740867993,"gene_reaction_rule":"","genes":[],"metabolites":[{"bigg_id":"meta_2","coefficient":-1},{"bigg_id":"meta_3","coefficient":1}],"segments":{"8":{"from_node_id":"9","to_node_id":"10","b1":null,"b2":null},"9":{"from_node_id":"11","to_node_id":"10","b1":null,"b2":null},"10":{"from_node_id":"9","to_node_id":"8","b1":{"x":774.0163838733238,"y":186.0272973747174},"b2":{"x":719.770259153091,"y":185.37887402773927}},"11":{"from_node_id":"11","to_node_id":"12","b1":{"x":898.0075260909998,"y":187.5094078820965},"b2":{"x":952.253650811233,"y":188.1578312290746}}}}},"nodes":{"0":{"node_type":"metabolite","x":-38.925540505469826,"y":176.30991154811252,"bigg_id":"meta_0","name":"","label_x":-99.59098678690293,"label_y":234.9467981447922,"node_is_primary":true},"1":{"node_type":"multimarker","x":116.06338726662443,"y":178.16254968233633},"2":{"node_type":"midmarker","x":136.06195859205724,"y":178.40159976417112},"3":{"node_type":"multimarker","x":156.06052991748874,"y":178.64064984600665},"4":{"node_type":"metabolite","x":311.0494576895834,"y":180.49328798023015,"bigg_id":"meta_1","name":"","label_x":255.40550627356777,"label_y":247.5479602214411,"node_is_primary":true},"5":{"node_type":"multimarker","x":466.0383854616777,"y":182.34592611445387},"6":{"node_type":"midmarker","x":486.0369567871094,"y":182.58497619628906},"7":{"node_type":"multimarker","x":506.03552811254104,"y":182.82402627812425},"8":{"node_type":"metabolite","x":661.0244558846355,"y":184.67666441234786,"bigg_id":"meta_2","name":"","label_x":608.0391653572917,"label_y":250.40200620922286,"node_is_primary":true},"9":{"node_type":"multimarker","x":816.0133836567301,"y":186.5293025465716},"10":{"node_type":"midmarker","x":836.0119549821616,"y":186.76835262840666},"11":{"node_type":"multimarker","x":856.0105263075938,"y":187.00740271024193},"12":{"node_type":"metabolite","x":1010.9994540796883,"y":188.86004084446589,"bigg_id":"meta_3","name":"","label_x":956.6849399195316,"label_y":249.85973566868464,"node_is_primary":true}},"text_labels":{},"canvas":{"x":-1339.7352294921875,"y":-500,"width":4019.2056884765625,"height":1500}}]