{
"metabolites":[
{
"id":"meta_0",
"name":"",
"compartment":""
},
{
"id":"meta_1",
"name":"",
"compartment":""
},
{
"id":"meta_2",
"name":"",
"compartment":""
},
{
"id":"meta_3",
"name":"",
"compartment":""
}
],
"reactions":[
{
"id":"reaction_0",
"name":"",
"metabolites":{
"meta_0":-1.0,
"meta_1":1.0
},
"lower_bound":0.0,
"upper_bound":1000.0,
"gene_reaction_rule":""
},
{
"id":"reaction_1",
"name":"",
"metabolites":{
"meta_1":-1.0,
"meta_2":1.0
},
"lower_bound":0.0,
"upper_bound":1000.0,
"gene_reaction_rule":""
},
{
"id":"reaction_2",
"name":"",
"metabolites":{
"meta_2":-1.0,
"meta_3":1.0
},
"lower_bound":0.0,
"upper_bound":1000.0,
"gene_reaction_rule":""
}
],
"genes":[],
"id":null,
"compartments":{},
"version":"1"
}